Código de Barras;Produto ID;Descrição do Produto;Grupo pai;Grupo filho;Qtde.;Preço Custo Médio;Total Preço Custo Médio;NCM;Unidade;Totalizador
7890000000015;DIPIRONA;DIPIRONA SODICA 500MG C/10 COMP;EXEMPLO;EXEMPLO;28;3,00;84,00;30049099;UN;TC (18,00)
7890000000022;LAMPADA;LAMPADA LED BULBO 9W BIVOLT;EXEMPLO;EXEMPLO;42;7,00;294,00;85395200;UN;TC (18,00)
7890000000039;SUCO;SUCO DE UVA INTEGRAL 1L;EXEMPLO;EXEMPLO;33;9,00;297,00;20096100;UN;TC (18,00)
7890000000046;SHAMPOO;SHAMPOO ANTICASPA 400ML;EXEMPLO;EXEMPLO;12;11,00;132,00;33051000;UN;TC (18,00)
7890000000053;TINTA;TINTA ACRILICA FOSCA BRANCA 18L;EXEMPLO;EXEMPLO;7;180,00;1260,00;32091010;UN;TC (18,00)
7890000000060;PNEU;PNEU NOVO ARO 15 195/60R15;EXEMPLO;EXEMPLO;5;320,00;1600,00;40111000;UN;TC (18,00)
7890000000077;SORVETE;SORVETE CREMOSO CHOCOLATE 2L;EXEMPLO;EXEMPLO;14;18,00;252,00;21050010;UN;TC (18,00)
7890000000084;FERRO;FERRO ELETRICO A VAPOR 1200W;EXEMPLO;EXEMPLO;10;65,00;650,00;85164000;UN;TC (18,00)
7890000000091;IMPRESSORA;IMPRESSORA MULTIFUNCIONAL JATO DE TINTA;EXEMPLO;EXEMPLO;2;420,00;840,00;84433119;UN;TC (18,00)
